Golbach_Pthread,,Threads,8,,,,,,,,,,,GoldbachSerial VS pthread,,Golbach_Pthread,,Threads,1,,,,,,,,,,,,,Golbach_Pthread,,Threads,4,,,,,,,,,,,,,Golbach_Optimization_sums_1,,Threads,128,,,,,,,,,,,,,Golbach_Optimization_sums_1,,Threads,2,,,,,,,,,,,,,Golbach_Optimization_sums_1,,Threads,16,,,,,,,,,,,,,Golbach_Optimization_sums_1,,Threads,32,,,,,,,,,,,,,
Test001,Test002,Test003,Test004,Test005,Test006,Test007,Test008,Test020,Test021,Test022,Test023,Total,Total Medium,Speed Gain Total,Efficiency score,Test001,Test002,Test003,Test004,Test005,Test006,Test007,Test008,Test020,Test021,Test022,Test023,Total,Total Medium,GoldbachSerial VS Optimization_sums_1,,Test001,Test002,Test003,Test004,Test005,Test006,Test007,Test008,Test020,Test021,Test022,Test023,Total,Total Medium,GoldbachSerial VS Optimization_sums_1,,Test001,Test002,Test003,Test004,Test005,Test006,Test007,Test008,Test020,Test021,Test022,Test023,Total,Total Medium,GoldbachSerial VS Optimization_sums_1,,Test001,Test002,Test003,Test004,Test005,Test006,Test007,Test008,Test020,Test021,Test022,Test023,Total,Total Medium,GoldbachSerial VS Optimization_sums_2,,Test001,Test002,Test003,Test004,Test005,Test006,Test007,Test008,Test020,Test021,Test022,Test023,Total,Total Medium,GoldbachSerial VS Optimization_sums_2,,Test001,Test002,Test003,Test004,Test005,Test006,Test007,Test008,Test020,Test021,Test022,Test023,Total,Total Medium,GoldbachSerial VS Optimization_sums_2,,
0.000671434,0.000657756,0.000542027,0.000775153,0.000695942,0.001826171,0.002817978,0.001117841,0.113975711,0.035933583,0.060318898,0.171837197,0.390498257,0.382065389,4.33450938,0.5418136725,0.000071993,0.000079019,0.000103141,0.000186447,0.000255039,0.005870559,0.002228868,0.000589202,0.519627095,0.035210115,0.18368118,0.519343697,1.267174362,1.257862087,Speed Gain Total,Efficiency score,0.000131093,0.000134479,0.00014765,0.000215332,0.000689552,0.002352399,0.00258029,0.000610962,0.185511306,0.036840216,0.060425786,0.232510208,0.52201818,0.515287516,Speed Gain Total,Efficiency score,0.003812285,0.003697061,0.004007564,0.004001931,0.004064025,0.004446619,0.004057602,0.004746653,0.08505777,0.041151786,0.059908078,0.165603621,0.38074271,0.351721255,Speed Gain Total,Efficiency score,0.00009374,0.000074445,0.000098387,0.000159194,0.000209958,0.004212391,0.00224478,0.00064049,0.29741119,0.036282828,0.100069565,0.312521534,0.753924762,0.746285117,Speed Gain Total,Efficiency score,0.000538183,0.001099654,0.001188658,0.000950939,0.000998821,0.001651549,0.003715012,0.001135726,0.09106271,0.036373835,0.055958061,0.19389036,0.388025325,0.377284966,Speed Gain Total,Efficiency score,0.001131696,0.001102532,0.001589439,0.001442806,0.001425613,0.002525659,0.003158915,0.00164807,0.085885803,0.037106931,0.062048347,0.194117678,0.392051793,0.379158759,Speed Gain Total,Efficiency score,
0.000624192,0.000652273,0.001282135,0.001188946,0.000492996,0.002155214,0.002581916,0.001004389,0.113523202,0.035738935,0.054370528,0.177700188,0.390690722,0.267809651,Speed Gain Medium,Efficiency Score Medium,0.000078659,0.00007472,0.000121792,0.000172717,0.000239665,0.005903576,0.002320782,0.000585621,0.541799467,0.035302009,0.182959398,0.509106867,1.278586614,1.269167741,1.302459376,1.302459376,0.000131881,0.00013039,0.000128113,0.000181642,0.000243477,0.002563622,0.002635735,0.00066709,0.189362723,0.035943287,0.059809722,0.223141403,0.514807204,0.508257135,3.204289237,0.8010723092,0.003545612,0.00372182,0.003579356,0.004369669,0.004634668,0.004846818,0.004860066,0.004271115,0.080228347,0.038709882,0.061635413,0.183177949,0.394035103,0.363751591,4.415132494,0.03449322261,0.00007911,0.000091515,0.000154741,0.000184043,0.000228167,0.00323372,0.002291598,0.000569406,0.284657179,0.036726706,0.100903048,0.323287412,0.752327535,0.745574345,2.210700903,1.105350452,0.000515293,0.000819709,0.001423854,0.00091986,0.001229198,0.002216354,0.00288863,0.001067411,0.095139033,0.037960751,0.057923279,0.199342761,0.40093084,0.390365824,4.240645913,0.2620047506,0.001139082,0.00117076,0.00157055,0.001142875,0.001697532,0.003044287,0.00294094,0.002579061,0.086428969,0.038221784,0.060731467,0.195040246,0.394568471,0.380422466,4.224426142,0.1320133169,
0.001022077,0.000708397,0.000881482,0.000611039,0.000651726,0.002050558,0.002617417,0.001534177,0.107977854,0.035874662,0.054199333,0.178157101,0.385263746,0.268231096,4.374220695,0.5467775869,0.000126783,0.000086998,0.000113663,0.000186538,0.000242701,0.006005653,0.002573803,0.000765986,0.53130138,0.036400575,0.190136285,0.51860126,1.286414842,1.2764395,Speed Gain Medium,Efficiency Score Medium,0.00018775,0.000147511,0.000150674,0.000222795,0.000488354,0.002804736,0.002593768,0.000581631,0.192117935,0.036283742,0.05991501,0.242644252,0.537950408,0.530960939,Speed Gain Medium,Efficiency Score Medium,0.003552061,0.004057147,0.004574285,0.004215437,0.004336985,0.005414062,0.005008104,0.004245475,0.091960854,0.040427229,0.057937477,0.172085472,0.394262527,0.362411032,Speed Gain Medium,Efficiency Score Medium,0.000097926,0.000072966,0.000119747,0.000189533,0.000213637,0.003206094,0.002259891,0.000640708,0.301368628,0.036744148,0.103079943,0.314141091,0.762036386,0.75533381,Speed Gain Medium,Efficiency Score Medium,0.000697776,0.000768945,0.000756115,0.00123596,0.000795338,0.002763521,0.002781238,0.001426253,0.092968999,0.037358984,0.05575165,0.205660575,0.402267578,0.391740208,Speed Gain Medium,Efficiency Score Medium,0.001290543s,0.001915715,0.001099245,0.000959778,0.001261889,0.002438224,0.003161505,0.001481655,0.087921323,0.039043013,0.060638507,0.192384867,0.392305721,0.37998771,Speed Gain Medium,Efficiency Score Medium,
Min,Min,Min,Min,Min,Min,Min,Min,Min,Min,Min,Min,Best,Best Medium,,,Min,Min,Min,Min,Min,Min,Min,Min,Min,Min,Min,Min,Best,Best Medium,1.297119346,1.297119346,Min,Min,Min,Min,Min,Min,Min,Min,Min,Min,Min,Min,Best,Best Medium,3.206511271,0.8016278178,Min,Min,Min,Min,Min,Min,Min,Min,Min,Min,Min,Min,Best,Best Medium,4.722570072,0.03689507869,Min,Min,Min,Min,Min,Min,Min,Min,Min,Min,Min,Min,Best,Best Medium,2.204927108,1.102463554,Min,Min,Min,Min,Min,Min,Min,Min,Min,Min,Min,Min,Best,Best Medium,4.289245831,0.2680778644,Min,Min,Min,Min,Min,Min,Min,Min,Min,Min,Min,Min,Best,Best Medium,4.301365249,0.134417664,
0.000624192,0.000652273,0.000542027,0.000611039,0.000492996,0.001826171,0.002581916,0.001004389,0.107977854,0.035738935,0.054199333,0.171837197,0.37746413,0.369753319,,,0.000071993,0.00007472,0.000103141,0.000172717,0.000239665,0.005870559,0.002228868,0.000585621,0.519627095,0.035210115,0.182959398,0.509106867,1.256178766,1.246903475,,,0.000131093,0.00013039,0.000128113,0.000181642,0.000243477,0.002352399,0.00258029,0.000581631,0.185511306,0.035943287,0.059809722,0.223141403,0.51060366,0.504405718,,,0.003545612,0.003697061,0.003579356,0.004001931,0.004064025,0.004446619,0.004057602,0.004245475,0.080228347,0.038709882,0.057937477,0.165603621,0.370571396,0.342479327,,,0.00007911,0.000072966,0.000098387,0.000159194,0.000209958,0.003206094,0.00224478,0.000569406,0.284657179,0.036282828,0.100069565,0.312521534,0.740091891,0.733531106,,,0.000515293,0.000768945,0.000756115,0.00091986,0.000795338,0.001651549,0.002781238,0.001067411,0.09106271,0.036373835,0.05575165,0.19389036,0.385819011,0.377078555,,,0.001131696,0.001102532,0.001099245,0.000959778,0.001261889,0.002438224,0.00294094,0.001481655,0.085885803,0.037106931,0.060638507,0.192384867,0.387300371,0.376016108,,,
,,,,,,,,,,,,,,,,,,,,,,,,,,,,,,,,,,,,,,,,,,,,,,,,,,,,,,,,,,,,,,,,,,,,,,,,,,,,,,,,,,,,,,,,,,,,,,,,,,,,,,,,,,,,,,,,
Golbach_Serial,,Threads,1,,,,,,,,,,,,,,,,,,,,,,,,,,,,,,,,,,,,,,,,,,,,,,,,,,,,,,,,,,,,,,,,,,,,,,,,,,,,,,,,,,,,,,,,,,,,,,,,,,,,,,,,,,,,,
Test001,Test002,Test003,Test004,Test005,Test006,Test007,Test008,Test020,Test021,Test022,Test023,Total,Total Medium,,,,,,,,,,,,,,,,,,,,,,,,,,,,,,,,,,,,,,,,,,,,,,,,,,,,,,,,,,,,,,,,,,,,,,,,,,,,,,,,,,,,,,,,,,,,,,,,,,,
0.000024395,0.000049321,0.000193755,0.000754974,0.000384035,0.005388156,0.011591196,0.000630819,0.467968943,0.596634343,0.16103816,0.436878994,1.681512696,1.66252044,,,,,,,,,,,,,,,,,,,,,,,,,,,,,,,,,,,,,,,,,,,,,,,,,,,,,,,,,,,,,,,,,,,,,,,,,,,,,,,,,,,,,,,,,,,,,,,,,,,
0.000042145,0.000169732,0.00014685,0.000639398,0.000360017,0.005593113,0.01377563,0.000653271,0.463216691,0.562816592,0.160800106,0.449308676,1.657480076,1.636142065,,,,,,,,,,,,,,,,,,,,,,,,,,,,,,,,,,,,,,,,,,,,,,,,,,,,,,,,,,,,,,,,,,,,,,,,,,,,,,,,,,,,,,,,,,,,,,,,,,,
0.000100078,0.000026142,0.000171698,0.000738157,0.000363584,0.005419728,0.01154781,0.000660082,0.464052554,0.557299786,0.159987149,0.442048423,1.642315113,1.623387912,,,,,,,,,,,,,,,,,,,,,,,,,,,,,,,,,,,,,,,,,,,,,,,,,,,,,,,,,,,,,,,,,,,,,,,,,,,,,,,,,,,,,,,,,,,,,,,,,,,
Min,Min,Min,Min,Min,Min,Min,Min,Min,Min,Min,Min,Best,Best Medium,,,,,,,,,,,,,,,,,,,,,,,,,,,,,,,,,,,,,,,,,,,,,,,,,,,,,,,,,,,,,,,,,,,,,,,,,,,,,,,,,,,,,,,,,,,,,,,,,,,
0.000024395,0.000026142,0.00014685,0.000639398,0.000360017,0.005388156,0.01154781,0.000630819,0.463216691,0.557299786,0.159987149,0.436878994,1.636121812,1.61738262,,,,,,,,,,,,,,,,,,,,,,,,,,,,,,,,,,,,,,,,,,,,,,,,,,,,,,,,,,,,,,,,,,,,,,,,,,,,,,,,,,,,,,,,,,,,,,,,,,,
,,,,,,,,,,,,,,,,,,,,,,,,,,,,,,,,,,,,,,,,,,,,,,,,,,,,,,,,,,,,,,,,,,,,,,,,,,,,,,,,,,,,,,,,,,,,,,,,,,,,,,,,,,,,,,,,
Golbach_Optimization_sums_1,,Threads,8,,,,,,,,,,,Goldbachpthread VS Optimization_sums_1,GoldbachSerial VS Optimization_sums_1,,Golbach_Optimization_sums_1,,Threads,1,,,,,,,,,,,,,Golbach_Optimization_sums_1,,Threads,4,,,,,,,,,,,,,Golbach_Optimization_sums_1,,Threads,128,,,,,,,,,,,,,Golbach_Optimization_sums_1,,Threads,2,,,,,,,,,,,,,Golbach_Optimization_sums_1,,Threads,16,,,,,,,,,,,,,Golbach_Optimization_sums_1,,Threads,32,,,,,,,,,,,,
Test001,Test002,Test003,Test004,Test005,Test006,Test007,Test008,Test020,Test021,Test022,Test023,Total,Total Medium,Speed Gain Total,Speed Gain Total,Efficiency score,Test001,Test002,Test003,Test004,Test005,Test006,Test007,Test008,Test020,Test021,Test022,Test023,Total,Total Medium,GoldbachSerial VS Optimization_sums_1,,Test001,Test002,Test003,Test004,Test005,Test006,Test007,Test008,Test020,Test021,Test022,Test023,Total,Total Medium,GoldbachSerial VS Optimization_sums_1,,Test001,Test002,Test003,Test004,Test005,Test006,Test007,Test008,Test020,Test021,Test022,Test023,Total,Total Medium,GoldbachSerial VS Optimization_sums_1,,Test001,Test002,Test003,Test004,Test005,Test006,Test007,Test008,Test020,Test021,Test022,Test023,Total,Total Medium,GoldbachSerial VS Optimization_sums_2,,Test001,Test002,Test003,Test004,Test005,Test006,Test007,Test008,Test020,Test021,Test022,Test023,Total,Total Medium,GoldbachSerial VS Optimization_sums_2,,Test001,Test002,Test003,Test004,Test005,Test006,Test007,Test008,Test020,Test021,Test022,Test023,Total,Total Medium,GoldbachSerial VS Optimization_sums_2,
0.000734142,0.000706443,0.000884009,0.000946299,0.00070409,0.001966433,0.002577971,0.001069618,0.074956609,0.037889404,0.055231548,0.166838511,0.343770935,0.334916072,1.110597085,4.813893484,0.6093993191,0.000074553,0.000073496,0.00009376,0.000226331,0.000250739,0.005797818,0.003329166,0.000606883,0.511726525,0.055343942,0.179084612,0.483322309,1.239855581,1.229477388,Speed Gain Total,Efficiency score,0.000283539,0.000145026,0.000171039,0.000192764,0.000207527,0.002497138,0.003504569,0.000579161,0.16567485,0.057262453,0.063317202,0.181009148,0.474560877,0.467263653,Speed Gain Total,Efficiency score,0.003663095,0.004198132,0.003851408,0.003833266,0.004210118,0.00707892,0.005243939,0.004267796,0.07958873,0.080876371,0.055418342,0.161569568,0.41013659,0.377453011,Speed Gain Total,Efficiency score,0.000076819,0.000080889,0.000121963,0.000186242,0.000201171,0.003190541,0.005118995,0.000553683,0.295867055,0.056466036,0.11296446,0.278694369,0.753445404,0.74399192,Speed Gain Total,Efficiency score,0.000681305,0.000902378,0.001211563,0.000884147,0.001083546,0.001528055,0.00407485,0.001114896,0.080411508,0.059750041,0.056820261,0.169889997,0.377671242,0.366871807,Speed Gain Total,Efficiency score,0.001420212,0.001729916,0.001394263,0.001599315,0.001768037,0.003014826,0.004052691,0.001584622,0.078108405,0.062152217,0.057437287,0.167017634,0.379859213,0.364715543,Speed Gain Total,Efficiency score
0.000761098,0.000808959,0.000762553,0.000750857,0.000944401,0.001956644,0.002823252,0.001367521,0.076658523,0.036729625,0.054510175,0.168920434,0.346232944,0.336818757,Speed Gain Medium,Speed Gain Medium,Efficiency Score Medium,0.00007619,0.000076558,0.000103035,0.000222074,0.000261897,0.005834224,0.003302068,0.000568012,0.523458236,0.056038662,0.061307517,0.485139999,1.136312282,1.125944414,1.464443901,1.464443901,0.000132282,0.000426562,0.000143827,0.000202144,0.000173338,0.002300804,0.003449054,0.001315402,0.175638783,0.058259351,0.063520127,0.175768411,0.481197803,0.473186672,3.525478255,0.8813695637,0.004184623,0.003580594,0.004220728,0.004413308,0.003852785,0.005114855,0.005344551,0.004934957,0.088359592,0.064458372,0.059218805,0.167106566,0.410605113,0.379143335,4.21691664,0.03294466125,0.000076374,0.000079618,0.000107744,0.000279465,0.000202347,0.003083555,0.003199227,0.000549503,0.272921357,0.054811371,0.107251535,0.284157901,0.726643623,0.719142164,2.274380076,1.137190038,0.000563582,0.000741315,0.000810596,0.001135577,0.001171449,0.001706821,0.00405621,0.001524893,0.081609287,0.060524035,0.064178508,0.174462273,0.391920964,0.380774103,4.379786473,0.2737366546,0.001189264,0.00097844,0.001328271,0.001341923,0.001568825,0.002891687,0.004382685,0.002179779,0.079082881,0.060913229,0.05841585,0.163390591,0.376474161,0.361802551,4.408390551,0.1377622047
0.000827415,0.000687456,0.000703877,0.000528877,0.001188646,0.001845508,0.002904559,0.001094124,0.074746648,0.03566222,0.056174607,0.167094948,0.34263147,0.333678423,1.114528711,4.875194552,0.6093993191,0.000074712,0.000119106,0.000096251,0.000212242,0.000246914,0.005830941,0.003379869,0.000570479,0.514671785,0.058066029,0.056543701,0.489028846,1.128766163,1.118310361,Speed Gain Medium,Efficiency Score Medium,0.00012867,0.000130496,0.000150206,0.00021295,0.00018933,0.002448608,0.003466409,0.000696934,0.160920994,0.06019116,0.065422888,0.175614974,0.469444949,0.462150016,Speed Gain Medium,Efficiency Score Medium,0.00405982,0.003776235,0.004112361,0.0043016,0.004020355,0.004749333,0.005253119,0.004129545,0.083945546,0.062172567,0.058579767,0.162902353,0.397942781,0.367600233,Speed Gain Medium,Efficiency Score Medium,0.000086212,0.000169328,0.000101647,0.000204176,0.000191206,0.003200191,0.003439183,0.000591058,0.27144286,0.054590685,0.109801785,0.293304158,0.737036277,0.729139488,Speed Gain Medium,Efficiency Score Medium,0.000759033,0.000799986,0.000972806,0.001551797,0.000978097,0.002055769,0.004032567,0.00237775,0.082938412,0.059658973,0.056036735,0.167365115,0.378768007,0.365999235,Speed Gain Medium,Efficiency Score Medium,0.00131444,0.001392779,0.001410681,0.001705682,0.001326721,0.001787957,0.004203252,0.001693991,0.083387934,0.059801219,0.059199038,0.164668427,0.380577681,0.367056618,Speed Gain Medium,Efficiency Score Medium
Min,Min,Min,Min,Min,Min,Min,Min,Min,Min,Min,Min,Best,Best Medium,,,,Min,Min,Min,Min,Min,Min,Min,Min,Min,Min,Min,Min,Best,Best Medium,1.461134088,1.461134088,Min,Min,Min,Min,Min,Min,Min,Min,Min,Min,Min,Min,Best,Best Medium,3.538235271,0.8845588176,Min,Min,Min,Min,Min,Min,Min,Min,Min,Min,Min,Min,Best,Best Medium,4.508393575,0.03522182481,Min,Min,Min,Min,Min,Min,Min,Min,Min,Min,Min,Min,Best,Best Medium,2.271670372,1.135835186,Min,Min,Min,Min,Min,Min,Min,Min,Min,Min,Min,Min,Best,Best Medium,4.449809468,0.2781130918,Min,Min,Min,Min,Min,Min,Min,Min,Min,Min,Min,Min,Best,Best Medium,4.508540677,0.1408918961
0.000734142,0.000687456,0.000703877,0.000528877,0.00070409,0.001845508,0.002577971,0.001069618,0.074746648,0.03566222,0.054510175,0.166838511,0.339874951,0.331757554,,,,0.000074553,0.000073496,0.00009376,0.000212242,0.000246914,0.005797818,0.003302068,0.000568012,0.511726525,0.055343942,0.056543701,0.483322309,1.117230787,1.106936477,,,0.00012867,0.000130496,0.000143827,0.000192764,0.000173338,0.002300804,0.003449054,0.000579161,0.160920994,0.057262453,0.063317202,0.175614974,0.464085067,0.457115623,,,0.003663095,0.003580594,0.003851408,0.003833266,0.003852785,0.004749333,0.005243939,0.004129545,0.07958873,0.062172567,0.055418342,0.161569568,0.387990077,0.358749207,,,0.000076374,0.000079618,0.000101647,0.000186242,0.000191206,0.003083555,0.003199227,0.000549503,0.27144286,0.054590685,0.107251535,0.278694369,0.719370447,0.711979449,,,0.000563582,0.000741315,0.000810596,0.000884147,0.000978097,0.001528055,0.004032567,0.001114896,0.080411508,0.059658973,0.056036735,0.167365115,0.373562004,0.363472331,,,0.001189264,0.00097844,0.001328271,0.001341923,0.001326721,0.001787957,0.004052691,0.001584622,0.078108405,0.059801219,0.057437287,0.163390591,0.371138127,0.358737502,,
,,,,,,,,,,,,,,,,,,,,,,,,,,,,,,,,,,,,,,,,,,,,,,,,,,,,,,,,,,,,,,,,,,,,,,,,,,,,,,,,,,,,,,,,,,,,,,,,,,,,,,,,,,,,,,,,
Golbach_Optimization_sums_2,,Threads,8,,,,,,,,,,,,,,,,,,,,,,,,,,,,,,,,,,,,,,,,,,,,,,,,,,,,,,,,,,,,,,,,,,,,,,,,,,,,,,,,,,,,,,,,,,,,,,,,,,,,,,,,,,,,,
Test001,Test002,Test003,Test004,Test005,Test006,Test007,Test008,Test020,Test021,Test022,Test023,Total,Total Medium,Goldbachpthread VS Optimization_sums_2,GoldbachSerial VS Optimization_sums_2,,Golbach_Optimization_sums_2,,Threads,1,,,,,,,,,,,,,Golbach_Optimization_sums_2,,Threads,4,,,,,,,,,,,,,Golbach_Optimization_sums_2,,Threads,128,,,,,,,,,,,,,Golbach_Optimization_sums_2,,Threads,2,,,,,,,,,,,,,Golbach_Optimization_sums_2,,Threads,16,,,,,,,,,,,,,Golbach_Optimization_sums_2,,Threads,32,,,,,,,,,,,,
0.001023433,0.000485889,0.000590287,0.000664394,0.000621008,0.000973545,0.002220888,0.000948296,0.028345797,0.027109077,0.022351696,0.075887627,0.160198504,0.153694197,Speed Gain Total,Speed Gain Total,Efficiency score,Test001,Test002,Test003,Test004,Test005,Test006,Test007,Test008,Test020,Test021,Test022,Test023,Total,Total Medium,GoldbachSerial VS Optimization_sums_1,,Test001,Test002,Test003,Test004,Test005,Test006,Test007,Test008,Test020,Test021,Test022,Test023,Total,Total Medium,GoldbachSerial VS Optimization_sums_2,,Test001,Test002,Test003,Test004,Test005,Test006,Test007,Test008,Test020,Test021,Test022,Test023,Total,Total Medium,GoldbachSerial VS Optimization_sums_1,,Test001,Test002,Test003,Test004,Test005,Test006,Test007,Test008,Test020,Test021,Test022,Test023,Total,Total Medium,GoldbachSerial VS Optimization_sums_2,,Test001,Test002,Test003,Test004,Test005,Test006,Test007,Test008,Test020,Test021,Test022,Test023,Total,Total Medium,GoldbachSerial VS Optimization_sums_2,,Test001,Test002,Test003,Test004,Test005,Test006,Test007,Test008,Test020,Test021,Test022,Test023,Total,Total Medium,GoldbachSerial VS Optimization_sums_2,
0.000592889,0.000610676,0.000444583,0.001010983,0.001153488,0.001163212,0.002117798,0.001023079,0.027914292,0.027269092,0.022125402,0.079830333,0.164662938,0.157139119,2.394676816,10.37974912,1.347988601,0.000067988,0.000075541,0.00009162,0.00015725,0.000147185,0.002179438,0.001714683,0.000539338,0.177595292,0.02746732,0.064076898,0.190829095,0.46487366,0.459968605,Speed Gain Total,Efficiency score,0.000434252,0.000138411,0.000141146,0.000280075,0.000510714,0.000904609,0.002048667,0.0005819,0.056841471,0.027565749,0.023266832,0.086428123,0.198707697,0.194102175,Speed Gain Total,Efficiency score,0.003955226,0.0035883,0.003914775,0.004367261,0.003559093,0.004237152,0.003227402,0.004420023,0.029430743,0.030984542,0.021164238,0.08239372,0.191287249,0.163973243,Speed Gain Total,Efficiency score,0.000097467,0.000092811,0.000131716,0.000155925,0.000164262,0.000151235,0.001299936,0.000544966,0.106243591,0.028471116,0.04388107,0.138638246,0.319774874,0.317234023,Speed Gain Total,Efficiency score,0.000731607,0.00071995,0.001055454,0.001181321,0.001276455,0.001414809,0.002232359,0.001103552,0.029517432,0.02772754,0.021412759,0.08321223,0.170853861,0.161869961,Speed Gain Total,Efficiency score,0.001105661,0.001083314,0.00104099,0.001885966,0.001693263,0.002485258,0.002507956,0.00184531,0.027650609,0.029278288,0.021852148,0.079766822,0.171089924,0.158547867,Speed Gain Total,Efficiency score
0.000458897,0.000503404,0.000774334,0.00080965,0.00071055,0.000780363,0.002062698,0.00084859,0.029198244,0.026669388,0.021247503,0.078325866,0.16193059,0.155441001,Speed Gain Medium,Speed Gain Medium,Efficiency Score Medium,0.000079126,0.000068396,0.000122722,0.000159834,0.00015523,0.002074841,0.00171408,0.000505789,0.178656426,0.027135612,0.063775477,0.192091684,0.466460091,0.461659199,3.539148432,3.539148432,0.000130381,0.000127969,0.00016256,0.000226675,0.001029475,0.000916852,0.001689734,0.000539727,0.058437422,0.030263541,0.022658404,0.089390572,0.205442931,0.200749939,8.546548151,2.178079336,0.003838735,0.003606467,0.004383777,0.004761942,0.004354721,0.004740517,0.003868166,0.004370594,0.030586556,0.032212593,0.02256712,0.088933961,0.204386414,0.17430023,8.615448266,0.07842239055,0.000085446,0.000115002,0.000097848,0.000163509,0.000145325,0.000150676,0.001219654,0.000525965,0.099976282,0.028502613,0.040800815,0.141622295,0.313319984,0.310902005,5.468028078,2.734014039,0.000863827,0.000763584,0.000812029,0.001288667,0.001032863,0.001286645,0.002184165,0.001468733,0.033358362,0.028849276,0.022498193,0.077676298,0.171218815,0.162382129,10.03031475,0.6268946718,0.001211919,0.001122331,0.000981646,0.001239801,0.001528054,0.001713769,0.002266725,0.001597089,0.030729907,0.028906436,0.022532324,0.084419798,0.17703788,0.166588465,9.754756562,0.3048361426
Min,Min,Min,Min,Min,Min,Min,Min,Min,Min,Min,Min,Best,Best Medium,2.437096092,10.66039616,1.33254952,0.000079622,0.000073458,0.0000886,0.000156667,0.00015524,0.002125073,0.00160833,0.000524957,0.181714022,0.027341836,0.062082703,0.197316792,0.473187678,0.468455353,Speed Gain Medium,Efficiency Score Medium,0.000120018,0.000140748,0.000130494,0.000165051,0.000165361,0.000928297,0.001609251,0.000561452,0.059709377,0.027547881,0.020795509,0.082609241,0.194362662,0.190662008,Speed Gain Medium,Efficiency Score Medium,0.00485223,0.003826966,0.004042127,0.00401654,0.004136187,0.004914146,0.004617765,0.004391949,0.029707439,0.031282875,0.022092071,0.081412214,0.194440279,0.164494599,Speed Gain Medium,Efficiency Score Medium,0.000102816,0.00010635,0.000095073,0.000171054,0.00016947,0.000156789,0.001246485,0.000512337,0.099271116,0.028278424,0.043423597,0.128493903,0.301924598,0.29946704,Speed Gain Medium,Efficiency Score Medium,0.000991899,0.000810029,0.000979929,0.00073287,0.001065935,0.001409478,0.002334076,0.001469874,0.028429023,0.028256521,0.021968579,0.083654447,0.171110761,0.16230857,Speed Gain Medium,Efficiency Score Medium,0.001155222,0.000992758,0.001467972,0.001769466,0.001220008,0.001774671,0.002857583,0.001758341,0.027518219,0.029163903,0.021522267,0.083157835,0.173203023,0.161362224,Speed Gain Medium,Efficiency Score Medium
0.000458897,0.000485889,0.000444583,0.000664394,0.000621008,0.000780363,0.002062698,0.00084859,0.027914292,0.026669388,0.021247503,0.075887627,0.157626335,0.15171881,,,,Min,Min,Min,Min,Min,Min,Min,Min,Min,Min,Min,Min,Best,Best Medium,3.534160193,3.534160193,Min,Min,Min,Min,Min,Min,Min,Min,Min,Min,Min,Min,Best,Best Medium,8.612531505,2.153132876,Min,Min,Min,Min,Min,Min,Min,Min,Min,Min,Min,Min,Best,Best Medium,9.923095795,0.0775241859,Min,Min,Min,Min,Min,Min,Min,Min,Min,Min,Min,Min,Best,Best Medium,5.44858988,2.72429494,Min,Min,Min,Min,Min,Min,Min,Min,Min,Min,Min,Min,Best,Best Medium,10.4182174,0.6511385877,Min,Min,Min,Min,Min,Min,Min,Min,Min,Min,Min,Min,Best,Best Medium,10.25517865,0.3204743328
,Speed Up All Tests,,,,Speed Up Medium Tests,,,,,,,,,,,,0.000067988,0.000068396,0.0000886,0.000156667,0.000147185,0.002074841,0.00160833,0.000505789,0.177595292,0.027135612,0.062082703,0.190829095,0.46229251,0.457642702,,,0.000120018,0.000127969,0.000130494,0.000165051,0.000165361,0.000904609,0.001609251,0.000539727,0.056841471,0.027547881,0.020795509,0.082609241,0.191436564,0.187794102,,,0.003838735,0.0035883,0.003914775,0.00401654,0.003559093,0.004237152,0.003227402,0.004370594,0.029430743,0.030984542,0.021164238,0.081412214,0.189905593,0.162991737,,,0.000085446,0.000092811,0.000095073,0.000155925,0.000145325,0.000150676,0.001219654,0.000512337,0.099271116,0.028278424,0.040800815,0.128493903,0.299216059,0.296844258,,,0.000731607,0.00071995,0.000812029,0.00073287,0.001032863,0.001286645,0.002184165,0.001103552,0.028429023,0.02772754,0.021412759,0.077676298,0.163117694,0.15524562,,,0.001105661,0.000992758,0.000981646,0.001239801,0.001220008,0.001713769,0.002266725,0.001597089,0.027518219,0.028906436,0.021522267,0.079766822,0.16772554,0.157713744,,
number of threads,goldbach_pthread,golbach_Optimization_sums_1,Golbach_Optimization_sums_2,number of threads,goldbach_pthread,golbach_Optimization_sums_1,Golbach_Optimization_sums_2,,,,,,,,,,,,,,,,,,,,,,,,,,,,,,,,,,,,,,,,,,,,,,,,,,,,,,,,,,,,,,,,,,,,,,,,,,,,,,,,,,,,,,,,,,,,,,,,,,,,,,,,,
1,1.302459376,1.464443901,3.539148432,1,1.297119346,1.461134088,3.534160193,,,,,,,,,,,,,,,,,,,,,,,,,,,,,,,,,,,,,,,,,,,,,,,,,,,,,,,,,,,,,,,,,,,,,,,,,,,,,,,,,,,,,,,,,,,,,,,,,,,,,,,,,
2,2.210700903,2.274380076,5.468028078,2,2.204927108,2.271670372,5.44858988,,,,,,,,,,,,,,,,,,,,,,,,,,,,,,,,,,,,,,,,,,,,,,,,,,,,,,,,,,,,,,,,,,,,,,,,,,,,,,,,,,,,,,,,,,,,,,,,,,,,,,,,,
4,3.204289237,3.525478255,8.546548151,4,3.206511271,3.538235271,8.612531505,,,,,,,,,,,,,,,,,,,,,,,,,,,,,,,,,,,,,,,,,,,,,,,,,,,,,,,,,,,,,,,,,,,,,,,,,,,,,,,,,,,,,,,,,,,,,,,,,,,,,,,,,
8,4.33450938,4.813893484,10.37974912,8,4.374220695,4.875194552,10.66039616,,,,,,,,,,,,,,,,,,,,,,,,,,,,,,,,,,,,,,,,,,,,,,,,,,,,,,,,,,,,,,,,,,,,,,,,,,,,,,,,,,,,,,,,,,,,,,,,,,,,,,,,,
16,4.379786473,4.240645913,10.03031475,16,4.449809468,4.449809468,10.4182174,,,,,,,,,,,,,,,,,,,,,,,,,,,,,,,,,,,,,,,,,,,,,,,,,,,,,,,,,,,,,,,,,,,,,,,,,,,,,,,,,,,,,,,,,,,,,,,,,,,,,,,,,
32,4.408390551,4.408390551,9.754756562,32,4.508540677,4.508540677,10.25517865,,,,,,,,,,,,,,,,,,,,,,,,,,,,,,,,,,,,,,,,,,,,,,,,,,,,,,,,,,,,,,,,,,,,,,,,,,,,,,,,,,,,,,,,,,,,,,,,,,,,,,,,,
128,4.415132494,4.21691664,8.615448266,128,4.722570072,4.508393575,9.923095795,,,,,,,,,,,,,,,,,,,,,,,,,,,,,,,,,,,,,,,,,,,,,,,,,,,,,,,,,,,,,,,,,,,,,,,,,,,,,,,,,,,,,,,,,,,,,,,,,,,,,,,,,
,,,,,,,,,,,,,,,,,,,,,,,,,,,,,,,,,,,,,,,,,,,,,,,,,,,,,,,,,,,,,,,,,,,,,,,,,,,,,,,,,,,,,,,,,,,,,,,,,,,,,,,,,,,,,,,,
Efficiency Score All tests,,,,Efficiency Score Medium Test,,,,,,,,,,,,,,,,,,,,,,,,,,,,,,,,,,,,,,,,,,,,,,,,,,,,,,,,,,,,,,,,,,,,,,,,,,,,,,,,,,,,,,,,,,,,,,,,,,,,,,,,,,,,
number of threads,goldbach_pthread,golbach_Optimization_sums_1,Golbach_Optimization_sums_2,number of threads,goldbach_pthread,golbach_Optimization_sums_1,Golbach_Optimization_sums_2,,,,,,,,,,,,,,,,,,,,,,,,,,,,,,,,,,,,,,,,,,,,,,,,,,,,,,,,,,,,,,,,,,,,,,,,,,,,,,,,,,,,,,,,,,,,,,,,,,,,,,,,,
1,1.302459376,1.464443901,3.539148432,1,1.297119346,1.461134088,3.534160193,,,,,,,,,,,,,,,,,,,,,,,,,,,,,,,,,,,,,,,,,,,,,,,,,,,,,,,,,,,,,,,,,,,,,,,,,,,,,,,,,,,,,,,,,,,,,,,,,,,,,,,,,
2,1.137190038,1.137190038,2.734014039,2,1.102463554,1.135835186,2.72429494,,,,,,,,,,,,,,,,,,,,,,,,,,,,,,,,,,,,,,,,,,,,,,,,,,,,,,,,,,,,,,,,,,,,,,,,,,,,,,,,,,,,,,,,,,,,,,,,,,,,,,,,,
4,0.8010723092,0.8813695637,2.178079336,4,0.8016278178,0.8845588176,2.153132876,,,,,,,,,,,,,,,,,,,,,,,,,,,,,,,,,,,,,,,,,,,,,,,,,,,,,,,,,,,,,,,,,,,,,,,,,,,,,,,,,,,,,,,,,,,,,,,,,,,,,,,,,
8,0.5418136725,0.6093993191,1.347988601,8,0.5467775869,0.6093993191,1.33254952,,,,,,,,,,,,,,,,,,,,,,,,,,,,,,,,,,,,,,,,,,,,,,,,,,,,,,,,,,,,,,,,,,,,,,,,,,,,,,,,,,,,,,,,,,,,,,,,,,,,,,,,,
16,0.2620047506,0.6268946718,0.6268946718,16,0.2680778644,0.2781130918,0.6511385877,,,,,,,,,,,,,,,,,,,,,,,,,,,,,,,,,,,,,,,,,,,,,,,,,,,,,,,,,,,,,,,,,,,,,,,,,,,,,,,,,,,,,,,,,,,,,,,,,,,,,,,,,
32,0.1320133169,0.1377622047,0.3048361426,32,0.134417664,0.1408918961,0.3204743328,,,,,,,,,,,,,,,,,,,,,,,,,,,,,,,,,,,,,,,,,,,,,,,,,,,,,,,,,,,,,,,,,,,,,,,,,,,,,,,,,,,,,,,,,,,,,,,,,,,,,,,,,
128,0.03449322261,0.03294466125,0.07842239055,128,0.03689507869,0.0775241859,0.0775241859,,,,,,,,,,,,,,,,,,,,,,,,,,,,,,,,,,,,,,,,,,,,,,,,,,,,,,,,,,,,,,,,,,,,,,,,,,,,,,,,,,,,,,,,,,,,,,,,,,,,,,,,,